{"ukb-b-17006": "Non-cancer illness code, self-reported: head injury", "ukb-b-19953": "Body mass index (BMI)", "ukb-b-18275": "Hearing difficulty/problems with background noise", "ukb-b-8476": "Loneliness, isolation", "ieu-b-38": "systolic blood pressure", "ieu-b-25": "Cigarettes per Day", "met-d-Total_C": "Total cholesterol", "ukb-b-6134": "Age completed full time education", "ukb-b-7663": "Types of physical activity in last 4 weeks: Strenuous sports", "ukb-a-257": "Hearing difficulty/problems: Yes", "ukb-b-17243": "Non-cancer illness code, self-reported: anxiety/panic attacks", "ukb-b-17627": "Non-oily fish intake", "ukb-b-770": "Other meat intake", "ukb-b-14180": "Mood swings", "ukb-b-19732": "Non-cancer illness code, self-reported: hypothyroidism/myxoedema", "ukb-d-20405_2": "Ever had known person concerned about, or recommend reduction of, alcohol consumption: Yes, during the last year", "ieu-b-110": "LDL cholesterol", "ukb-b-6358": "Non-cancer illness code, self-reported: stroke", "ukb-b-15541": "Diagnoses - secondary ICD10: E66.9 Obesity, unspecified", "ukb-b-2209": "Oily fish intake", "ukb-b-4424": "Sleep duration", "ukb-b-3957": "Sleeplessness / insomnia", "ukb-d-20405_1": "Ever had known person concerned about, or recommend reduction of, alcohol consumption: Yes, but not in the last year", "ieu-b-111": "triglycerides", "ukb-b-6324": "Processed meat intake", "ieu-b-39": "diastolic blood pressure", "ukb-b-20289": "Non-cancer illness code, self-reported: hyperthyroidism/thyrotoxicosis", "ieu-b-109": "HDL cholesterol", "ukb-d-20405_0": "Ever had known person concerned about, or recommend reduction of, alcohol consumption: No"}